{
    "method": "POST",
    "request_size": 2042,
    "start_time": 23090.9185933,
    "status": 200,
    "response_size": 93624,
    "latency": 16.272839999997814
}